Nama;Panggilan;Prodi;Indonesia VS English;Python;RStudio;Programming Experience;GitHub;ChatGPT;OS Komputer;OS HP;Partner Uni;Favourite Lunch Place;TikTok VS IG;
Anggito Damar Abimanyu;Anggito;IE;Indonesia;Belum;Sudah;Orange;Sudah;Sudah;Windows 10;Android;NA;Kansas;IG;
Anindya Amarakamini;Anin;IE;English;Belum;Belum;MK IDS;Belum;Belum;Windows 10;Android;UvA;Kansas;TikTok;
Almira Tertia Rekamasanti;Almira;IE;Indonesia;Sudah;Studio;MK IDS;Belum;Sudah;macOS;iOS;UvA;Kantin Sejiwa;TikTok;
Reyhan Bihaqqi Purnawan;Rey;IE;Indonesia;Sudah;Sudah;Bootcamp Algoritma;Sudah;Sudah;macOS;iOS;University of Adelaide;Kantin FE;IG;
Malvin Syafan Ramadicca;Malvin;IE;Indonesia;Sudah;Sudah;MK IDS;Belum;Sudah;macOS;iOS;UvT;Takoru;TikTok;
Alifa Apsarini Rahayu;Fafa;IM;Indonesia;Sudah;Sudah;Belum;Sudah;Sudah;macOS;iOS;UvG;Kantin FE;TikTok;
Fibula Aikonadaa Patiroi;Aiko;IE;Indonesia;Sudah;Sudah;MK IDS;Sudah;Sudah;macOS;iOS;UvT;Kantin FE;TikTok;
Lukman Hanif Arbi;Lukman;IM;Indonesia;Sudah;Sudah;Pengampu;Sudah;Belum;macOS;iOS;NA;Kopi Sastra;IG;
Muhammad Hanif Raditya;Hanif;IM;English;Belum;Belum;Belum;Belum;Sudah;Windows 11;iOS;NA;Kantin FE;IG;
